"ID","tau","sl","sen"
"1",0.0610812120139599,0.0170776844024658,0.00117543859649123
"2",1,1,NA
"3",1,1,NA
"4",1,1,NA
"5",1,1,NA
"6",1,1,NA
"7",1,1,NA
"8",1,1,NA
"9",1,1,NA
"10",1,1,NA
"11",1,1,NA
"12",1,1,NA
"13",1,1,NA
"14",1,1,NA
"15",1,1,NA
"16",0.0844971910119057,0.000973224639892578,0.000911458333333337
"17",0.0849417150020599,0.000914812088012695,0.000920138888888891
"18",0.0833260118961334,0.0011436939239502,0.000935550935550934
"19",0.0843173712491989,0.000997424125671387,0.000981595092024535
"20",0.0855148881673813,0.00084376335144043,0.00100694444444445
"21",0.0847031027078629,0.000944972038269043,0.00101190476190477
"22",0.0800767615437508,0.00177383422851562,0.000963455149501658
"23",0.0744257494807243,0.00366723537445068,0.000895522388059704
"24",0.0704597234725952,0.00595366954803467,0.000845070422535243
"25",0.0657842829823494,0.0102307796478271,0.000807291666666663
"26",0.0615656040608883,0.0162445306777954,0.000752864157119478
"27",0.0574929900467396,0.0248191356658936,0.000705128205128201
"28",0.0534085854887962,0.0370966196060181,0.000650406504065041
"29",0.0527366399765015,0.0395467281341553,0.000628803245436103
"30",0.0526985190808773,0.0396761894226074,0.000604838709677414
"31",0.0498879626393318,0.0514867305755615,0.00058620689655173
"32",0.0457298532128334,0.0742826461791992,0.000539568345323736
"33",0.0444575846195221,0.0826703310012817,0.000526315789473688
"34",0.0439665839076042,0.0861526727676392,0.000521472392638042
"35",0.0425802655518055,0.0965049266815186,0.000500000000000007
"36",0.0403428450226784,0.115322470664978,0.000486322188449848
"37",0.0427104718983173,0.0954641103744507,0.00052380952380953
"38",0.0454867891967297,0.0757970809936523,0.000593749999999993
"39",0.0480155684053898,0.0608785152435303,0.000632603406326029
"40",0.0494579672813416,0.0535149574279785,0.000659340659340658
"41",0.0491153113543987,0.0552020072937012,0.000668058455114823
"42",0.0527442246675491,0.0394985675811768,0.000666666666666652
"43",0.0567804425954819,0.0266724824905396,0.000666666666666667
"44",1,1,NA
"45",1,1,NA
"46",1,1,NA
"47",1,1,NA
"48",1,1,NA
"49",1,1,NA
"50",1,1,NA
"51",1,1,NA
"52",1,1,NA
"53",1,1,NA
"54",0.0800222679972649,0.0017850399017334,0.000949074074074074
"55",0.0801191702485085,0.00176370143890381,0.000933014354066987
"56",0.0803198739886284,0.00171780586242676,0.00093971631205674
"57",0.0811850354075432,0.00152993202209473,0.000955223880597016
"58",0.0811820924282074,0.00152814388275146,0.000960000000000008
"59",1,1,NA
"60",1,1,NA
"61",0.099581316113472,0.000101447105407715,0.00114446529080675
"62",0.100143998861313,9.2625617980957e-05,0.0011704834605598
"63",0.0997110530734062,9.93013381958008e-05,0.00117794486215539
"64",0.0994399562478065,0.00010371208190918,0.00118942731277534
"65",0.100791811943054,8.33272933959961e-05,0.00120481927710843
"66",0.103248417377472,5.57899475097656e-05,0.00121527777777778
"67",0.0579936951398849,0.0235500335693359,0.0010760667903525
"68",1,1,NA
"69",1,1,NA
"70",1,1,NA
"71",1,1,NA
"72",1,1,NA
"73",1,1,NA
"74",1,1,NA
"75",1,1,NA
"76",1,1,NA
"77",1,1,NA
"78",1,1,NA
"79",1,1,NA
"80",1,1,NA
"81",1,1,NA
"82",0.0741499364376068,0.0037994384765625,0.000857142857142853
"83",0.0744142904877663,0.00367510318756104,0.000883977900552487
"84",0.0749349519610405,0.0034412145614624,0.000918544194107448
"85",0.0778497382998466,0.00237321853637695,0.000977443609022549
"86",0.081700325012207,0.00142538547515869,0.00104166666666668
"87",0.0841691419482231,0.00101721286773682,0.00108635097493036
"88",0.0818647965788841,0.00139415264129639,0.00106870229007633
"89",0.077713280916214,0.00241470336914062,0.0010344827586207
"90",0.0753825232386589,0.00325250625610352,0.00100574712643679
"91",0.0721143484115601,0.00487625598907471,0.000957792207792208
"92",0.0683667734265327,0.00761032104492188,0.000897435897435892
"93",0.0646845102310181,0.0115635395050049,0.000843023255813951
"94",0.06263068318367,0.0144945383071899,0.000824742268041238
"95",0.0616254098713398,0.0161402225494385,0.000785340314136128
"96",0.0594258084893227,0.0203542709350586,0.000737327188940093
"97",0.0556672774255276,0.0297777652740479,0.000694444444444438
"98",0.0497029535472393,0.0523594617843628,0.000619047619047623
"99",0.0464357696473598,0.0698893070220947,0.00056372549019608
"100",0.0443344116210938,0.0835374593734741,0.000536779324055665
"101",0.043608795851469,0.0887081623077393,0.000520833333333304
"102",0.0424111522734165,0.0978615283966064,0.000481927710843377
"103",0.0416531264781952,0.103978633880615,0.000489130434782608
"104",0.0410134568810463,0.10938560962677,0.00050359712230216
"105",0.0415709652006626,0.104660630226135,0.000520231213872832
"106",0.0432828366756439,0.0910985469818115,0.000548780487804877
"107",0.046794205904007,0.0677609443664551,0.000587002096436061
"108",0.0511385090649128,0.0459306240081787,0.000597484276729564
"109",0.0583097450435162,0.0228455066680908,0.00062737642585551
"110",1,1,NA
"111",1,1,NA
"112",1,1,NA
"113",1,1,NA
"114",1,1,NA
"115",1,1,NA
"116",1,1,NA
"117",1,1,NA
"118",1,1,NA
"119",1,1,NA
"120",0.0848272815346718,0.000928163528442383,0.00102822580645162
"121",0.0840384736657143,0.0010368824005127,0.00102713178294574
"122",0.0812802091240883,0.00151050090789795,0.00100877192982456
"123",0.0786503627896309,0.00213813781738281,0.001
"124",0.077223151922226,0.00257420539855957,0.00099673202614379
"125",1,1,NA
"126",1,1,NA
"127",0.0997953116893768,9.79900360107422e-05,0.00116719242902207
"128",0.0995138734579086,0.000102400779724121,0.0011858407079646
"129",0.0992640778422356,0.000106692314147949,0.00120401337792642
"130",0.0983977913856506,0.000122427940368652,0.00121293800539083
"131",0.0978292897343636,0.000133991241455078,0.00121621621621621
"132",0.0980305150151253,0.000129938125610352,0.00120343839541547
"133",0.0561960302293301,0.0282189846038818,0.000984251968503937
"134",1,1,NA
"135",1,1,NA
"136",1,1,NA
"137",1,1,NA
"138",1,1,NA
"139",1,1,NA
"140",1,1,NA
"141",1,1,NA
"142",1,1,NA
"143",1,1,NA
"144",1,1,NA
"145",0.0461124554276466,0.0718330144882202,0.000713012477718358
"146",0.0552708990871906,0.030949592590332,0.000766666666666668
"147",0.0636947005987167,0.012894868850708,0.000820512820512821
"148",0.0644973888993263,0.0118093490600586,0.00081666666666667
"149",0.0648007318377495,0.0114148855209351,0.000833333333333316
"150",0.0675164237618446,0.00839543342590332,0.000879120879120899
"151",0.0710296332836151,0.00555646419525146,0.00095092024539878
"152",0.07625962048769,0.00290799140930176,0.0010411622276029
"153",0.0803580954670906,0.00170695781707764,0.00111111111111102
"154",0.0807707607746124,0.00161445140838623,0.00113333333333333
"155",0.0791575983166695,0.0019991397857666,0.00113095238095238
"156",0.0777600854635239,0.00239729881286621,0.00112359550561797
"157",0.0764727741479874,0.00282919406890869,0.00111111111111111
"158",0.0729474574327469,0.00439846515655518,0.00104166666666668
"159",0.0708689838647842,0.0056607723236084,0.000990990990990994
"160",0.0685965493321419,0.00740706920623779,0.000955882352941178
"161",0.0667824596166611,0.00912594795227051,0.000924855491329481
"162",0.0657948032021523,0.0102158784866333,0.000899999999999999
"163",0.0603593774139881,0.0184597969055176,0.000810126582278482
"164",0.0531424060463905,0.0380234718322754,0.000704225352112686
"165",0.0478551760315895,0.0617409944534302,0.000624999999999999
"166",0.0444853566586971,0.0824623107910156,0.00056140350877193
"167",0.0427365154027939,0.0952634811401367,0.000529411764705882
"168",0.0408132672309875,0.111148118972778,0.000497512437810952
"169",0.0383074693381786,0.13483726978302,0.000468431771894087
"170",0.0364247001707554,0.155093431472778,0.000442477876106201
"171",0.036999300122261,0.1486976146698,0.000445859872611467
"172",0.039322953671217,0.124823689460754,0.000487238979118331
"173",0.0439248532056808,0.086430549621582,0.000545454545454545
"174",0.0520255491137505,0.0422865152359009,0.000603448275862041
"175",0.0621822401881218,0.0152338743209839,0.000638297872340412
"176",1,1,NA
"177",1,1,NA
"178",1,1,NA
"179",1,1,NA
"180",1,1,NA
"181",1,1,NA
"182",1,1,NA
"183",1,1,NA
"184",1,1,NA
"185",1,1,NA
"186",0.090764157474041,0.000395417213439941,0.00113861386138614
"187",0.0868979096412659,0.000693678855895996,0.00111111111111109
"188",0.0827473625540733,0.00123775005340576,0.00107438016528928
"189",0.0816194042563438,0.00144195556640625,0.00107142857142857
"190",0.0836368650197983,0.00109517574310303,0.00108333333333334
"191",1,1,NA
"192",0.1003452911973,8.96453857421875e-05,0.00120754716981131
"193",0.0987695679068565,0.000115394592285156,0.00120300751879699
"194",0.0976015999913216,0.000139117240905762,0.00122137404580153
"195",0.0965378805994987,0.000164151191711426,0.00122923588039866
"196",0.0945570319890976,0.00022280216217041,0.00123655913978495
"197",0.0923970490694046,0.00030982494354248,0.00122222222222224
"198",0.0916169062256813,0.000348091125488281,0.00121621621621622
"199",0.0550729632377625,0.0315303802490234,0.0009126984126984
"200",1,1,NA
"201",1,1,NA
"202",1,1,NA
"203",1,1,NA
"204",1,1,NA
"205",1,1,NA
"206",1,1,NA
"207",1,1,NA
"208",1,1,NA
"209",1,1,NA
"210",0.0431169643998146,0.0922970771789551,0.000735694822888282
"211",0.0471200868487358,0.0658347606658936,0.000733590733590739
"212",0.0553849712014198,0.0306235551834106,0.00075829383886256
"213",0.0599343851208687,0.0193040370941162,0.000797720797720801
"214",0.0589094907045364,0.0214636325836182,0.000794392523364477
"215",0.0580455474555492,0.0234466791152954,0.000797546012269933
"216",0.060620054602623,0.0179558992385864,0.00084444444444445
"217",0.0671256557106972,0.00877773761749268,0.000956521739130436
"218",0.072143018245697,0.00485336780548096,0.00106481481481482
"219",0.0783263668417931,0.00222897529602051,0.00116343490304709
"220",0.078557051718235,0.00216233730316162,0.0011875
"221",0.0789325311779976,0.00205767154693604,0.00121428571428572
"222",0.0798664391040802,0.00181901454925537,0.00123563218390805
"223",0.0811315923929214,0.00153613090515137,0.00124454148471616
"224",0.0795761197805405,0.00189304351806641,0.00119047619047619
"225",0.0769075155258179,0.00267601013183594,0.00114470842332613
"226",0.0742373839020729,0.0037529468536377,0.0011003861003861
"227",0.070758156478405,0.00573718547821045,0.00104166666666667
"228",0.0700379386544228,0.00624752044677734,0.00102941176470587
"229",0.0660849213600159,0.00987875461578369,0.000961538461538475
"230",0.0579432994127274,0.0236847400665283,0.000828402366863909
"231",0.0512731187045574,0.0453300476074219,0.000714285714285699
"232",0.0461960323154926,0.0713297128677368,0.00061576354679803
"233",0.0440195202827454,0.0857231616973877,0.000573065902578795
"234",0.0428014397621155,0.0947637557983398,0.000537261698440206
"235",0.038583479821682,0.132050633430481,0.000475247524752479
"236",0.0361566916108131,0.158145546913147,0.000454545454545472
"237",0.0375759042799473,0.142459630966187,0.00046296296296297
"238",0.0411426164209843,0.108308553695679,0.000510752688172046
"239",0.0470547862350941,0.0662312507629395,0.000583333333333336
"240",0.0556833446025848,0.029752254486084,0.000658682634730536
"241",0.0671397373080254,0.0087817907333374,0.000731707317073174
"242",1,1,NA
"243",1,1,NA
"244",1,1,NA
"245",1,1,NA
"246",1,1,NA
"247",1,1,NA
"248",1,1,NA
"249",1,1,NA
"250",1,1,NA
"251",0.0986445248126984,0.000117778778076172,0.00126436781609196
"252",0.0957399308681488,0.000185847282409668,0.00122262773722628
"253",0.0915464386343956,0.000352144241333008,0.00118686868686869
"254",0.0889626815915108,0.000515341758728027,0.0011578947368421
"255",0.089861623942852,0.000451564788818359,0.00116190476190476
"256",0.0954189375042915,0.00019526481628418,0.00118881118881119
"257",0.102834261953831,5.97238540649414e-05,0.00123966942148759
"258",0.102416053414345,6.38961791992188e-05,0.00126050420168069
"259",0.099402479827404,0.000104188919067383,0.00126732673267327
"260",0.0975473374128342,0.000139832496643066,0.0012820512820513
"261",0.0960809513926506,0.000176072120666504,0.00128514056224898
"262",0.0925129354000092,0.000304341316223145,0.00125654450261781
"263",0.0886880904436111,0.000535368919372559,0.00124260355029584
"264",0.0867386311292648,0.000708818435668945,0.00121621621621621
"265",1,1,NA
"266",1,1,NA
"267",1,1,NA
"268",1,1,NA
"269",1,1,NA
"270",1,1,NA
"271",1,1,NA
"272",1,1,NA
"273",1,1,NA
"274",1,1,NA
"275",1,1,NA
"276",0.0483595840632915,0.0590031147003174,0.000833333333333325
"277",0.0526158288121223,0.0399523973464966,0.00080733944954128
"278",0.0588191114366055,0.0216646194458008,0.000830039525691703
"279",0.0606937110424042,0.0178176164627075,0.000833333333333331
"280",0.0574148632586002,0.0249930620193481,0.000828025477707011
"281",0.0559291876852512,0.0290017127990723,0.000808314087759818
"282",0.0594181194901466,0.0203543901443481,0.000868055555555556
"283",0.0661675110459328,0.00978767871856689,0.000984848484848477
"284",0.0736650228500366,0.00402748584747314,0.00111111111111111
"285",0.0787929370999336,0.00209522247314453,0.00121794871794871
"286",0.0804707407951355,0.00167787075042725,0.00127236580516899
"287",0.0807009488344193,0.001625657081604,0.00130511463844798
"288",0.0833812952041626,0.00113153457641602,0.00135957066189624
"289",0.0854384675621986,0.00084984302520752,0.00137767220902613
"290",0.0846634730696678,0.000947833061218262,0.00133333333333334
"291",0.0821193680167198,0.00134539604187012,0.00128342245989304
"292",0.0779287591576576,0.00234436988830566,0.00124620060790274
"293",0.0759827122092247,0.00301015377044678,0.00118993135011442
"294",0.0745278373360634,0.0036163330078125,0.00114754098360656
"295",0.0701266229152679,0.0061870813369751,0.00105555555555556
"296",0.0635434538125992,0.0131098031997681,0.000947775628626689
"297",0.0559437684714794,0.0289523601531982,0.000807799442896934
"298",0.0503444597125053,0.0493676662445068,0.000697050938337806
"299",0.0489540472626686,0.0559972524642944,0.000654761904761901
"300",0.0456838645040989,0.0745292901992798,0.000595041322314049
"301",0.041685089468956,0.103692889213562,0.000530303030303032
"302",0.0401009581983089,0.117514729499817,0.000494296577946771
"303",0.0433322079479694,0.0907446146011353,0.000532915360501573
"304",0.0486757047474384,0.0574172735214233,0.000606060606060607
"305",0.0551817044615746,0.0312255620956421,0.000693641618497116
"306",0.0639001056551933,0.0126168727874756,0.000797101449275358
"307",0.0773048773407936,0.00254714488983154,0.000909090909090911
"308",0.0921725258231163,0.000321030616760254,0.00105263157894737
"309",1,1,NA
"310",1,1,NA
"311",1,1,NA
"312",1,1,NA
"313",1,1,NA
"314",1,1,NA
"315",1,1,NA
"316",1,1,NA
"317",0.106406167149544,3.26633453369141e-05,0.00136363636363637
"318",0.102965265512466,5.8293342590332e-05,0.00133333333333333
"319",0.100007578730583,9.44137573242188e-05,0.00129464285714285
"320",0.0981555804610252,0.000127315521240234,0.00125786163522012
"321",0.0994940549135208,0.000102758407592773,0.00124378109452736
"322",0.103469125926495,5.36441802978516e-05,0.00128125
"323",0.10477389395237,4.31537628173828e-05,0.0013063063063063
"324",0.102554969489574,6.24656677246094e-05,0.00132653061224491
"325",0.100127398967743,9.27448272705078e-05,0.00133501259445844
"326",0.0992249473929405,0.000107169151306152,0.00135416666666667
"327",0.0967208445072174,0.000159382820129395,0.00134185303514376
"328",0.093338631093502,0.000268816947937012,0.00131410256410256
"329",0.0902001932263374,0.000429272651672363,0.00129770992366414
"330",0.0868716686964035,0.000694632530212402,0.00126984126984127
"331",1,1,NA
"332",1,1,NA
"333",1,1,NA
"334",1,1,NA
"335",1,1,NA
"336",1,1,NA
"337",1,1,NA
"338",1,1,NA
"339",1,1,NA
"340",1,1,NA
"341",0.0588857680559158,0.0214924812316895,0.00106060606060605
"342",0.0592896938323975,0.0206201076507568,0.000988142292490119
"343",0.0627037808299065,0.014366626739502,0.000921305182341652
"344",0.0651524439454079,0.0109738111495972,0.000925925925925926
"345",0.0643066391348839,0.0120599269866943,0.000915492957746484
"346",0.0600101910531521,0.0191395282745361,0.00086956521739144
"347",0.0581068061292171,0.0232926607131958,0.000851063829787239
"348",0.0618723444640636,0.0157068967819214,0.000914634146341462
"349",0.0690251216292381,0.00703966617584229,0.00102272727272727
"350",0.0766451507806778,0.00276756286621094,0.00115530303030303
"351",0.0804783403873444,0.00167691707611084,0.00125000000000002
"352",0.0818086490035057,0.00140225887298584,0.00130111524163568
"353",0.0828273817896843,0.0012211799621582,0.00135416666666666
"354",0.0847010836005211,0.000942230224609375,0.00140712945590994
"355",0.0886788219213486,0.000535130500793457,0.00144
"356",0.0894819647073746,0.000476479530334473,0.00144508670520231
"357",0.0863571837544441,0.000747084617614746,0.00140000000000001
"358",0.0833908021450043,0.0011296272277832,0.00134948096885813
"359",0.0796854496002197,0.00186312198638916,0.00127450980392158
"360",0.0799212530255318,0.00180554389953613,0.00125256673511294
"361",0.0762521773576736,0.00290966033935547,0.00118055555555556
"362",0.0709162354469299,0.00562882423400879,0.00107049608355091
"363",0.0622116886079311,0.015149712562561,0.000887728459530026
"364",0.0566334389150143,0.027055025100708,0.000789473684210556
"365",0.0538349710404873,0.0355949401855469,0.000722689075630252
"366",0.0515695177018642,0.0441123247146606,0.000665434380776339
"367",0.0475456975400448,0.0634483098983765,0.000595238095238104
"368",0.0459390319883823,0.0729285478591919,0.000573065902578805
"369",0.0492080450057983,0.0547547340393066,0.000606060606060607
"370",0.0535148456692696,0.0367162227630615,0.000662878787878791
"371",0.0592854991555214,0.0206567049026489,0.000747863247863251
"372",0.0676774233579636,0.0082467794418335,0.000854166666666667
"373",0.079795740544796,0.00183987617492676,0.000989010989010987
"374",0.0965667217969894,0.000163555145263672,0.001125
"375",0.109901390969753,1.78813934326172e-05,0.00121951219512195
"376",1,1,NA
"377",1,1,NA
"378",1,1,NA
"379",1,1,NA
"380",1,1,NA
"381",1,1,NA
"382",0.117305614054203,4.64916229248047e-06,0.00144578313253013
"383",0.112729519605637,1.07288360595703e-05,0.00142212189616253
"384",0.107718534767628,2.61068344116211e-05,0.00137152777777778
"385",0.103471353650093,5.36441802978516e-05,0.00132530120481928
"386",0.101330667734146,7.62939453125e-05,0.00129436325678496
"387",0.101501442492008,7.42673873901367e-05,0.00128
"388",0.103308252990246,5.49554824829102e-05,0.00130890052356021
"389",0.103564389050007,5.28097152709961e-05,0.001341059602649
"390",0.101593345403671,7.30752944946289e-05,0.00136439267886855
"391",0.100253000855446,9.08374786376953e-05,0.00138888888888889
"392",0.101820662617683,7.03334808349609e-05,0.00141509433962264
"393",0.100915193557739,8.15391540527344e-05,0.0014102564102564
"394",0.0984419956803322,0.000121355056762695,0.00138888888888891
"395",0.0946711227297783,0.000218987464904785,0.00136094674556213
"396",0.0910008102655411,0.0003814697265625,0.00133333333333334
"397",1,1,NA
"398",1,1,NA
"399",1,1,NA
"400",1,1,NA
"401",1,1,NA
"402",1,1,NA
"403",1,1,NA
"404",1,1,NA
"405",1,1,NA
"406",0.0694838911294937,0.00666177272796631,0.00135433070866142
"407",0.0702247396111488,0.00610530376434326,0.00125954198473282
"408",0.0754710659384727,0.0032120943069458,0.00118
"409",0.0774239599704742,0.00250375270843506,0.0011149825783972
"410",0.0764754191040993,0.00282919406890869,0.00109477124183006
"411",0.0745996758341789,0.0035853385925293,0.00108333333333333
"412",0.0685570240020752,0.00744056701660156,0.000992063492063492
"413",0.0653795823454857,0.0106968879699707,0.000931558935361214
"414",0.0662035793066025,0.00974488258361816,0.000948275862068961
"415",0.0723680481314659,0.0047227144241333,0.00104803493449783
"416",0.0795313268899918,0.00190281867980957,0.00117136659436008
"417",0.0849722698330879,0.000907659530639648,0.00129817444219066
"418",0.0850280150771141,0.000901103019714355,0.00134693877551021
"419",0.0844047963619232,0.000983119010925293,0.00137500000000001
"420",0.0859977602958679,0.000786781311035156,0.00140388768898488
"421",0.0891184508800507,0.000502228736877441,0.00144549763033176
"422",0.0900676399469376,0.000437140464782715,0.00144578313253013
"423",0.0871523320674896,0.000666975975036621,0.00140127388535031
"424",0.0850658789277077,0.000896334648132324,0.00136563876651983
"425",0.0839987620711327,0.00103938579559326,0.00133086876155268
"426",0.0826984643936157,0.001242995262146,0.00128686327077748
"427",0.0802363678812981,0.00173366069793701,0.0012
"428",0.0769013911485672,0.00268042087554932,0.00111570247933884
"429",0.0673554688692093,0.00854659080505371,0.000932203389830504
"430",0.0600799210369587,0.019001841545105,0.00080882352941176
"431",0.056677058339119,0.02692711353302,0.000740740740740744
"432",0.0524316504597664,0.0406739711761475,0.000669456066945607
"433",0.0480477064847946,0.0607163906097412,0.000595903165735568
"434",0.0490041002631187,0.0557597875595093,0.000580645161290322
"435",0.0511340945959091,0.0459308624267578,0.000612903225806456
"436",0.0550112165510654,0.0317568778991699,0.00066239316239316
"437",0.0609714053571224,0.0173131227493286,0.000754098360655739
"438",0.0701715350151062,0.00615549087524414,0.000877944325481799
"439",0.0817169472575188,0.00142288208007812,0.00101190476190477
"440",0.0982422083616257,0.000125527381896973,0.00114882506527415
"441",0.11166387796402,1.31130218505859e-05,0.00126543209876543
"442",1,1,NA
"443",1,1,NA
"444",1,1,NA
"445",1,1,NA
"446",1,1,NA
"447",0.125906050205231,8.34465026855469e-07,0.00147163120567376
"448",0.121172077953815,2.26497650146484e-06,0.0014240506329114
"449",0.114010661840439,8.58306884765625e-06,0.0013559322033898
"450",0.106512062251568,3.21865081787109e-05,0.0013064133016627
"451",0.101042233407497,7.99894332885742e-05,0.00126436781609196
"452",0.0984356477856636,0.000121593475341797,0.00124999999999997
"453",0.0983603447675705,0.000123143196105957,0.00125
"454",0.0999731048941612,9.51290130615234e-05,0.00128038897893031
"455",0.100934781134129,8.13007354736328e-05,0.00130952380952382
"456",0.101217307150364,7.76052474975586e-05,0.00134529147982063
"457",0.102736189961433,6.04391098022461e-05,0.00139737991266376
"458",0.105466678738594,3.83853912353516e-05,0.00142857142857145
"459",0.105744779109955,3.65972518920898e-05,0.00141809290953545
"460",0.103941924870014,4.94718551635742e-05,0.0014080459770115
"461",0.10135155916214,7.59363174438477e-05,0.00141199226305609
"462",0.0975736230611801,0.000139236450195312,0.00140186915887849
"463",1,1,NA
"464",1,1,NA
"465",1,1,NA
"466",1,1,NA
"467",1,1,NA
"468",1,1,NA
"469",1,1,NA
"470",1,1,NA
"471",0.072200246155262,0.00481033325195312,0.0016030534351145
"472",0.0773862302303314,0.00251078605651855,0.00154040404040404
"473",0.0844398811459541,0.000977277755737305,0.00147147147147148
"474",0.0923890545964241,0.000309228897094727,0.0014064914992272
"475",0.0936610847711563,0.000255465507507324,0.00133587786259541
"476",0.0915417969226837,0.000351428985595703,0.00129870129870129
"477",0.0889509692788124,0.000514745712280273,0.00125000000000002
"478",0.0822262167930603,0.00132584571838379,0.00113924050632911
"479",0.0759701803326607,0.00301837921142578,0.0010517529215359
"480",0.073700450360775,0.00401031970977783,0.00102564102564102
"481",0.0761553272604942,0.00294816493988037,0.00107692307692306
"482",0.0817074328660965,0.00142288208007812,0.00118055555555557
"483",0.0864362418651581,0.000738978385925293,0.00129770992366411
"484",0.0873153433203697,0.000651955604553223,0.00135036496350365
"485",0.0878762155771255,0.000600814819335938,0.00137931034482759
"486",0.0876948609948158,0.000616669654846191,0.00140000000000001
"487",0.0867989808320999,0.000701069831848145,0.00139810426540284
"488",0.0852409079670906,0.00087440013885498,0.00139211136890952
"489",0.0827916339039803,0.00122761726379395,0.00132631578947369
"490",0.0826905593276024,0.00124442577362061,0.00129682997118155
"491",0.0844339281320572,0.00097966194152832,0.00128544423440454
"492",0.0826370641589165,0.00125324726104736,0.00122395833333333
"493",0.0798753947019577,0.00181794166564941,0.00116022099447514
"494",0.0755053013563156,0.00319993495941162,0.00106884057971014
"495",0.0678466036915779,0.00808441638946533,0.00091803278688525
"496",0.0599270984530449,0.0193127393722534,0.000783410138248856
"497",0.0571119710803032,0.0257762670516968,0.000728929384965832
"498",0.054030429571867,0.0349363088607788,0.00069444444444444
"499",0.0517752841114998,0.0432696342468262,0.000655391120507404
"500",0.0515310615301132,0.0442718267440796,0.000624999999999987
"501",0.0514937154948711,0.0444318056106567,0.000625000000000003
"502",0.0548672154545784,0.0322011709213257,0.000666666666666667
"503",0.0615931302309036,0.0162069797515869,0.000745614035087711
"504",0.0709700435400009,0.0055997371673584,0.000875000000000004
"505",0.0829602032899857,0.00120115280151367,0.00102564102564103
"506",0.0979044660925865,0.000132441520690918,0.0011578947368421
"507",0.108529016375542,2.26497650146484e-05,0.00127659574468084
"508",0.115619637072086,6.31809234619141e-06,0.00140127388535031
"509",0.123038977384567,1.54972076416016e-06,0.00148007590132828
"510",0.13159641623497,2.38418579101562e-07,0.00150943396226415
"511",0.132097527384758,2.38418579101562e-07,0.0015
"512",0.127892643213272,5.96046447753906e-07,0.0014736842105263
"513",0.126324877142906,8.34465026855469e-07,0.00143266475644699
"514",0.121171049773693,2.26497650146484e-06,0.00136222910216719
"515",0.115075998008251,7.03334808349609e-06,0.00129870129870129
"516",0.108322523534298,2.36034393310547e-05,0.0012499999999999
"517",0.102762192487717,6.03199005126953e-05,0.00121405750798722
"518",0.100602172315121,8.59498977661133e-05,0.00120805369127517
"519",0.100520059466362,8.71419906616211e-05,0.00121513944223107
"520",0.103254072368145,5.55515289306641e-05,0.00124999999999998
"521",0.105953030288219,3.52859497070312e-05,0.00129326047358834
"522",0.106794111430645,3.06367874145508e-05,0.00132936507936508
"523",0.110317200422287,1.65700912475586e-05,0.00138036809815952
"524",0.113048769533634,1.02519989013672e-05,0.00141176470588235
"525",0.113421246409416,9.5367431640625e-06,0.00141025641025643
"526",0.110844440758228,1.50203704833984e-05,0.00141891891891892
"527",0.107832439243793,2.55107879638672e-05,0.00142857142857145
"528",0.103594020009041,5.24520874023438e-05,0.00141196013289036
"529",1,1,NA
"530",1,1,NA
"531",1,1,NA
"532",1,1,NA
"533",1,1,NA
"534",1,1,NA
"535",1,1,NA
"536",0.0686109215021133,0.00737380981445312,0.00158163265306122
"537",0.0759242400527,0.00302672386169434,0.00163793103448276
"538",0.0850245356559753,0.000900030136108398,0.00162499999999999
"539",0.0964871123433113,0.000164985656738281,0.00160919540229885
"540",0.104142099618912,4.78029251098633e-05,0.00156666666666666
"541",0.10451041162014,4.49419021606445e-05,0.00152298850574713
"542",0.104419685900211,4.56571578979492e-05,0.00148333333333333
"543",0.103804461658001,5.0663948059082e-05,0.00143162393162393
"544",0.0979528501629829,0.000131130218505859,0.00132936507936508
"545",0.0877515748143196,0.000612854957580566,0.00116923076923077
"546",0.0817423611879349,0.00141704082489014,0.00109565217391304
"547",0.0815785899758339,0.00144875049591064,0.00109090909090907
"548",0.084496445953846,0.000971436500549316,0.00116013071895424
"549",0.0893391817808151,0.000486373901367188,0.00125461254612546
"550",0.0908926650881767,0.000386953353881836,0.00131428571428572
"551",0.0909778699278831,0.000382184982299805,0.00135245901639345
"552",0.0898560509085655,0.000451207160949707,0.0013728813559322
"553",0.0874535962939262,0.000638723373413086,0.00137071651090343
"554",0.0848483219742775,0.00092315673828125,0.00132978723404255
"555",0.0824454575777054,0.00128674507141113,0.00126482213438735
"556",0.0825741738080978,0.00126504898071289,0.00122516556291391
"557",0.0800150260329247,0.0017850399017334,0.00116455696202532
"558",0.0790031850337982,0.00203907489776611,0.00113006396588486
"559",0.0761354640126228,0.00295460224151611,0.00107142857142857
"560",0.0716856122016907,0.00512969493865967,0.000987654320987655
"561",0.0634544640779495,0.0132403373718262,0.000836012861736339
"562",0.0551526099443436,0.0313178300857544,0.0007286432160804
"563",0.0537818409502506,0.0357871055603027,0.000688935281837161
"564",0.052131399512291,0.0418614149093628,0.000666666666666672
"565",0.0487194322049618,0.0571968555450439,0.000617760617760618
"566",0.0462411232292652,0.0710659027099609,0.000571428571428585
"567",0.0466196052730083,0.0688052177429199,0.000570175438596495
"568",0.0514912717044353,0.0444319248199463,0.0006265664160401
"569",0.0600814409554005,0.0190103054046631,0.000722222222222222
"570",0.0711464583873749,0.00547945499420166,0.00084507042253521
"571",0.0831110402941704,0.00117731094360352,0.00101265822784809
"572",0.0960941687226295,0.000175952911376953,0.00115973741794311
"573",0.106210306286812,3.38554382324219e-05,0.00125000000000001
"574",0.115714892745018,6.31809234619141e-06,0.00135658914728683
"575",0.121272519230843,2.14576721191406e-06,0.0014080459770115
"576",0.126693278551102,7.15255737304688e-07,0.00143859649122807
"577",0.125823646783829,9.5367431640625e-07,0.0014385150812065
"578",0.124420627951622,1.19209289550781e-06,0.00141304347826086
"579",0.123321957886219,1.43051147460938e-06,0.00136363636363638
"580",0.120429381728172,2.62260437011719e-06,0.00129666011787819
"581",0.116735056042671,5.24520874023438e-06,0.00124681933842239
"582",0.110990479588509,1.47819519042969e-05,0.0011910669975186
"583",0.106258995831013,3.36170196533203e-05,0.00115079365079365
"584",0.103820137679577,5.0663948059082e-05,0.00113821138211382
"585",0.103349708020687,5.47170639038086e-05,0.00114349775784753
"586",0.107207097113132,2.84910202026367e-05,0.00118303571428572
"587",0.111027121543884,1.46627426147461e-05,0.00124161073825504
"588",0.113031037151814,1.02519989013672e-05,0.0012972972972973
"589",0.116330035030842,5.60283660888672e-06,0.00135416666666667
"590",0.118199050426483,3.93390655517578e-06,0.00137724550898204
"591",0.118626043200493,3.69548797607422e-06,0.0013911620294599
"592",0.116356894373894,5.60283660888672e-06,0.00140096618357488
"593",0.113732986152172,8.94069671630859e-06,0.00139941690962099
"594",0.11014860868454,1.70469284057617e-05,0.0013953488372093
"595",1,1,NA
"596",1,1,NA
"597",1,1,NA
"598",1,1,NA
"599",1,1,NA
"600",1,1,NA
"601",0.0540378801524639,0.0348498821258545,0.00117187760416667
"602",0.0658599808812141,0.0101172924041748,0.00141509433962264
"603",0.0774790123105049,0.002480149269104,0.00157281553398058
"604",0.0899563059210777,0.000443577766418457,0.00165644171779141
"605",0.100697226822376,8.42809677124023e-05,0.00166666666666666
"606",0.105716116726398,3.67164611816406e-05,0.00164705882352942
"607",0.105062015354633,4.0888786315918e-05,0.00161538461538462
"608",0.106716796755791,3.08752059936523e-05,0.00157635467980294
"609",0.106529541313648,3.19480895996094e-05,0.00150837988826815
"610",0.101201698184013,7.77244567871094e-05,0.00139579349904398
"611",0.0926783084869385,0.000296831130981445,0.00123931623931624
"612",0.0863590016961098,0.000748038291931152,0.00113149847094802
"613",0.0861854255199432,0.000767350196838379,0.0011231884057971
"614",0.0904840230941772,0.000411868095397949,0.00119369369369369
"615",0.096586748957634,0.000162959098815918,0.00128060263653484
"616",0.0993820503354073,0.000104427337646484,0.00132616487455197
"617",0.099651612341404,0.000100016593933105,0.00135231316725979
"618",0.098672091960907,0.000117301940917969,0.00135593220338983
"619",0.0957079008221626,0.000186800956726074,0.00133838383838384
"620",0.0912109613418579,0.00036919116973877,0.00129682997118155
"621",0.0866659432649612,0.000715374946594238,0.0012251655629139
"622",0.082489401102066,0.00127995014190674,0.00114285714285714
"623",0.0800894945859909,0.00176775455474854,0.0010955710955711
"624",0.0779856368899345,0.00233113765716553,0.00104803493449782
"625",0.0748113691806793,0.00349366664886475,0.000992063492063492
"626",0.0683664828538895,0.00761032104492188,0.000909090909090919
"627",0.059231985360384,0.0207676887512207,0.000769230769230769
"628",0.0496134050190449,0.0527901649475098,0.000628465804066543
"629",0.0487606413662434,0.0569772720336914,0.000619195046439626
"630",0.047978263348341,0.061110258102417,0.000599999999999992
"631",0.0432088077068329,0.0916794538497925,0.00053658536585366
"632",0.0401869863271713,0.116728186607361,0.000487804878048779
"633",0.0421562306582928,0.0998566150665283,0.000506329113924047
"634",0.0491359420120716,0.0551165342330933,0.000583333333333336
"635",0.0590625405311584,0.0211505889892578,0.000683333333333334
"636",0.0697234198451042,0.00649762153625488,0.000800000000000018
"637",0.0817277804017067,0.00142204761505127,0.00095427435387674
"638",0.0928464829921722,0.000289559364318848,0.00109243697478991
"639",0.10179864615202,7.08103179931641e-05,0.0011731843575419
"640",0.110096417367458,1.72853469848633e-05,0.00125000000000001
"641",0.110693544149399,1.54972076416016e-05,0.00127622377622378
"642",0.110401652753353,1.6331672668457e-05,0.0012998266897747
"643",0.109693832695484,1.84774398803711e-05,0.00130057803468208
"644",0.11285325884819,1.06096267700195e-05,0.00129662522202487
"645",0.114487402141094,7.86781311035156e-06,0.00124423963133641
"646",0.113343350589275,9.65595245361328e-06,0.00119891008174386
"647",0.11051918566227,1.60932540893555e-05,0.001156462585034
"648",0.10850116610527,2.288818359375e-05,0.00109848484848485
"649",0.101391986012459,7.58171081542969e-05,0.00105990783410138
"650",0.0972372144460678,0.000147461891174316,0.00103896103896104
"651",0.0985194742679596,0.000120162963867188,0.00104882459312839
"652",0.102985702455044,5.8293342590332e-05,0.0010752688172043
"653",0.109110325574875,2.05039978027344e-05,0.001125
"654",0.115831322968006,6.19888305664062e-06,0.00121718377088306
"655",0.11782942712307,4.29153442382812e-06,0.00127314814814815
"656",0.119525589048862,3.09944152832031e-06,0.00130434782608695
"657",0.121014162898064,2.26497650146484e-06,0.00130952380952381
"658",0.121708057820797,2.02655792236328e-06,0.00132743362831858
"659",0.123361013829708,1.43051147460938e-06,0.00136645962732919
"660",0.121396869421005,2.14576721191406e-06,0.00137142857142856
"661",1,1,NA
"662",1,1,NA
"663",1,1,NA
"664",1,1,NA
"665",0.027448195964098,0.283814311027527,0.000576923076923076
"666",0.0385569967329502,0.132181525230408,0.000794297352342156
"667",0.0489401184022427,0.0559979677200317,0.000995024875621891
"668",0.0603962577879429,0.018351674079895,0.00119638826185102
"669",0.0742858648300171,0.00372481346130371,0.00139639639639639
"670",0.0881587043404579,0.00057673454284668,0.00154545454545453
"671",0.098019003868103,0.000129580497741699,0.00164619164619165
"672",0.101593062281609,7.28368759155273e-05,0.00166023166023166
"673",0.101157031953335,7.83205032348633e-05,0.0016382252559727
"674",0.105431705713272,3.85046005249023e-05,0.00164383561643837
"675",0.107580430805683,2.6702880859375e-05,0.00161731207289294
"676",0.102276928722858,6.53266906738281e-05,0.00148148148148148
"677",0.0931446626782417,0.000276565551757812,0.00129032258064516
"678",0.0862974897027016,0.00075531005859375,0.00115384615384615
"679",0.0880176275968552,0.000589728355407715,0.00115942028985507
"680",0.0944367125630379,0.000227212905883789,0.00124555160142349
"681",0.0984548628330231,0.000121116638183594,0.00128395061728395
"682",0.100449554622173,8.80956649780273e-05,0.00128458498023715
"683",0.101064778864384,7.96318054199219e-05,0.0012962962962963
"684",0.102917991578579,5.87701797485352e-05,0.0013
"685",0.101540602743626,7.36713409423828e-05,0.00128205128205128
"686",0.0975518748164177,0.000140070915222168,0.00122377622377622
"687",0.0910619497299194,0.000378608703613281,0.00113029827315541
"688",0.0847058743238449,0.000943899154663086,0.00104166666666668
"689",0.0799691751599312,0.00179827213287354,0.000970873786407772
"690",0.075889877974987,0.00305163860321045,0.000920634920634918
"691",0.071794793009758,0.00506854057312012,0.000875576036866357
"692",0.0683640837669373,0.0076141357421875,0.000816326530612252
"693",0.0592904463410378,0.020647406578064,0.00069351230425056
"694",0.0484614372253418,0.0585520267486572,0.000570652173913041
"695",0.0454001016914845,0.0763814449310303,0.000532544378698224
"696",0.0425758697092533,0.0965721607208252,0.000493358633776091
"697",0.0384103320538998,0.133830308914185,0.000439024390243902
"698",0.035658422857523,0.163977384567261,0.000404984423676009
"699",0.0387037731707096,0.130888104438782,0.00041758241758242
"700",0.0462615378201008,0.0709865093231201,0.000496277915632753
"701",0.0565353259444237,0.0273475646972656,0.000602409638554204
"702",0.0668089538812637,0.0091167688369751,0.00071428571428571
"703",0.077095702290535,0.00261878967285156,0.000851063829787216
"704",0.0878541097044945,0.00060570240020752,0.000971168437025798
"705",0.093670979142189,0.000255942344665527,0.0010352422907489
"706",0.0972252413630486,0.000147581100463867,0.00110119047619048
"707",0.0939345806837082,0.00024569034576416,0.00111111111111111
"708",0.0911095589399338,0.000375866889953613,0.00111111111111112
"709",0.0928672254085541,0.000289082527160645,0.00112962962962963
"710",0.0991753116250038,0.000108242034912109,0.00114914425427873
"711",0.102514751255512,6.29425048828125e-05,0.00112612612612613
"712",0.100888460874557,8.22544097900391e-05,0.00108333333333335
"713",0.0985676795244217,0.000119447708129883,0.00105555555555554
"714",0.0942066535353661,0.000236034393310547,0.000985221674876853
"715",0.0836266800761223,0.00109851360321045,0.000933333333333325
"716",0.0780537128448486,0.00231301784515381,0.00089108910891089
"717",0.0795598700642586,0.00189948081970215,0.000892494929006081
"718",0.0874927490949631,0.000637531280517578,0.000935251798561144
"719",0.095898874104023,0.000181674957275391,0.00101694915254237
"720",0.103135451674461,5.68628311157227e-05,0.00111111111111111
"721",0.104663163423538,4.39882278442383e-05,0.00117359413202934
"722",0.108026497066021,2.47955322265625e-05,0.00121904761904762
"723",0.113860763609409,8.82148742675781e-06,0.00125748502994011
"724",0.118700169026852,3.57627868652344e-06,0.00126126126126126
"725",0.124582462012768,1.19209289550781e-06,0.00128787878787879
"726",0.129042223095894,4.76837158203125e-07,0.00131332082551595
"727",1,1,NA
"728",1,1,NA
"729",1,1,NA
"730",0.0142481094226241,0.578037023544312,0.000295566502463065
"731",0.0216280985623598,0.398403167724609,0.000441176470588235
"732",0.0325484946370125,0.203786253929138,0.000625000000000005
"733",0.0435695946216583,0.0888985395431519,0.000833333333333316
"734",0.0544645413756371,0.0334403514862061,0.00103626943005182
"735",0.0680055618286133,0.00792098045349121,0.00122923588039867
"736",0.0826572179794312,0.00124883651733398,0.00139874739039666
"737",0.0927886813879013,0.000291347503662109,0.00151960784313726
"738",0.0961419343948364,0.00017392635345459,0.00157894736842105
"739",0.0983690842986107,0.000122547149658203,0.00161572052401746
"740",0.10560542345047,3.73125076293945e-05,0.00166998011928429
"741",0.109665162861347,1.85966491699219e-05,0.00166666666666667
"742",0.105578705668449,3.75509262084961e-05,0.00154302670623145
"743",0.0948188528418541,0.000214219093322754,0.00130952380952382
"744",0.0881810709834099,0.000576257705688477,0.00118055555555556
"745",0.0884854272007942,0.000551700592041016,0.00118320610687023
"746",0.090832531452179,0.000391125679016113,0.00121827411167513
"747",0.0910151079297066,0.000380754470825195,0.00120543293718167
"748",0.0907451584935188,0.000396132469177246,0.00117511520737327
"749",0.0948143377900124,0.000214338302612305,0.00119850187265918
"750",0.0967129915952682,0.000160098075866699,0.00118387909319899
"751",0.096760131418705,0.000158786773681641,0.00113846153846154
"752",0.0946221873164177,0.000221133232116699,0.00108527131782946
"753",0.0881857648491859,0.000576972961425781,0.00100250877192982
"754",0.0806298702955246,0.0016481876373291,0.00091644204851752
"755",0.0757710412144661,0.00310194492340088,0.00084269662921348
"756",0.0737482756376266,0.00399529933929443,0.000812182741116752
"757",0.0709636956453323,0.00560832023620605,0.000748502994011976
"758",0.0656048357486725,0.0104511976242065,0.00067961165048544
"759",0.0547060333192348,0.032773494720459,0.000560000000000002
"760",0.046104334294796,0.0719650983810425,0.000472727272727269
"761",0.0399324297904968,0.119139432907104,0.000408163265306126
"762",0.0361525751650333,0.1582932472229,0.000364963503649634
"763",0.0300637967884541,0.240693330764771,0.000293040293040293
"764",0.0286983139812946,0.26274847984314,0.000277774691358021
"765",0.0333138145506382,0.193616271018982,0.000309653916211293
"766",0.0440193749964237,0.0858446359634399,0.000402010050251248
"767",0.0547850541770458,0.032526969909668,0.000517241379310344
"768",0.0666503384709358,0.00929737091064453,0.00063793103448276
"769",0.0771098285913467,0.0026172399520874,0.000748502994011976
"770",0.0847894176840782,0.000936985015869141,0.000830860534124627
"771",0.0858538970351219,0.000806212425231934,0.000853932584269665
"772",0.0874541997909546,0.000641942024230957,0.000929368029739777
"773",0.085268571972847,0.000873804092407227,0.000949554896142434
"774",0.0832112431526184,0.00116348266601562,0.000946745562130178
"775",0.0853880867362022,0.000859618186950684,0.000967213114754098
"776",0.0923536941409111,0.000312328338623047,0.001
"777",0.096948616206646,0.000154256820678711,0.000999999999999992
"778",0.0963616594672203,0.000169277191162109,0.000976095617529881
"779",0.0907106623053551,0.000399231910705566,0.000940170940170939
"780",0.083830401301384,0.0010688304901123,0.000881612090680104
"781",0.07401392608881,0.00386309623718262,0.000827338129496404
"782",0.0697912350296974,0.00644814968109131,0.000799999999999983
"783",0.0717260539531708,0.00511884689331055,0.000816326530612246
"784",0.0793781206011772,0.00194644927978516,0.00088372093023256
"785",0.088240846991539,0.000572323799133301,0.000984450777202074
"786",0.0935767665505409,0.000259160995483398,0.00108641975308642
"787",0.0957744047045708,0.000184893608093262,0.00114537444933921
"788",0.0999429374933243,9.56058502197266e-05,0.00121896162528217
"789",0.105002552270889,4.14848327636719e-05,0.00125890736342043
"790",0.112913601100445,1.04904174804688e-05,0.00127320954907162
"791",0.120796792209148,2.38418579101562e-06,0.00126736111111111
"792",0.128566786646843,4.76837158203125e-07,0.00129032258064516
"793",1,1,NA
"794",1,1,NA
"795",1,1,NA
"796",0.00270607485435903,0.915981769561768,4.6516279069763e-05
"797",0.0124437995254993,0.627140522003174,0.000227848101265822
"798",0.0229195188730955,0.370901346206665,0.000416662878787879
"799",0.0339880660176277,0.184496760368347,0.000611764705882352
"800",0.0441932901740074,0.084443211555481,0.000815109343936382
"801",0.0570023991167545,0.0260348320007324,0.00101616859122402
"802",0.072551317512989,0.00461721420288086,0.00118518518518519
"803",0.0850425958633423,0.000899553298950195,0.00133333333333333
"804",0.0910421088337898,0.00037837028503418,0.00141463577235772
"805",0.0953786969184875,0.000196337699890137,0.00148760330578512
"806",0.104334399104118,4.63724136352539e-05,0.00157676348547718
"807",0.108593292534351,2.24113464355469e-05,0.0015807560137457
"808",0.101299688220024,7.66515731811523e-05,0.00143518518518518
"809",0.0884721502661705,0.000552058219909668,0.00121213131313132
"810",0.0831516310572624,0.00117039680480957,0.00111111111111114
"811",0.0822896435856819,0.00131654739379883,0.00109649122807018
"812",0.0803525522351265,0.00170707702636719,0.00107476635514019
"813",0.0783679410815239,0.00221896171569824,0.00104166666666667
"814",0.0804422423243523,0.00168848037719727,0.00104925053533191
"815",0.0853913277387619,0.00085759162902832,0.00108843537414966
"816",0.086577832698822,0.000725865364074707,0.00106870229007633
"817",0.090304471552372,0.000424027442932129,0.00107142857142857
"818",0.0900292098522186,0.000441312789916992,0.00101886792452831
"819",0.0853001698851585,0.000871658325195312,0.000932038834951457
"820",0.0792749747633934,0.00197422504425049,0.000841839285714284
"821",0.0717006325721741,0.00513219833374023,0.000764702941176467
"822",0.067518413066864,0.00841188430786133,0.000686456400742115
"823",0.0652614906430244,0.0108734369277954,0.000631578947368426
"824",0.0594050064682961,0.0204449892044067,0.000551876379690949
"825",0.0435970462858677,0.0888963937759399,0.000396825396825402
"826",0.0359405912458897,0.160788774490356,0.000322586021505375
"827",0.0264575928449631,0.301950693130493,0.00022913093289689
"828",0.0221714098006487,0.387032508850098,0.000188679245283019
"829",0.015905125066638,0.534907341003418,0.000135593220338986
"830",0.0154795898124576,0.545926213264465,0.000129032258064517
"831",0.0243320036679506,0.342463970184326,0.000203735144312396
"832",0.0356648862361908,0.164077281951904,0.000293330666666667
"833",0.0475621111690998,0.0634946823120117,0.000393700787401573
"834",0.0620475560426712,0.0154826641082764,0.000511945392491469
"835",0.0757841095328331,0.00310695171356201,0.000608695652173912
"836",0.0846886560320854,0.000951766967773438,0.000689102564102564
"837",0.0865308493375778,0.000734329223632812,0.000732860520094564
"838",0.0892550647258759,0.00049591064453125,0.000792079207920793
"839",0.091651938855648,0.000348210334777832,0.000834914611005695
"840",0.0937237218022346,0.000254392623901367,0.000869565217391324
"841",0.0942102745175362,0.000236272811889648,0.000874528517110265
"842",0.0986907258629799,0.00011742115020752,0.000896544827586205
"843",0.103663191199303,5.22136688232422e-05,0.00092682926829268
"844",0.10301112383604,5.81741333007812e-05,0.000925263345195725
"845",0.0965847074985504,0.000163674354553223,0.00088679245283019
"846",0.0870156213641167,0.000683903694152832,0.000833333333333331
"847",0.0749597400426865,0.00343739986419678,0.000746814207650275
"848",0.071245402097702,0.00542557239532471,0.000740740740740741
"849",0.0740787461400032,0.0038381814956665,0.00076923076923077
"850",0.0833012312650681,0.00114905834197998,0.000862074712643676
"851",0.0931341052055359,0.000278353691101074,0.000981963927855712
"852",0.0983664393424988,0.000123500823974609,0.00107942769857434
"853",0.100443966686726,8.82148742675781e-05,0.0011368909512761
"854",0.101727604866028,7.1406364440918e-05,0.00120218579234973
"855",0.102981522679329,5.81741333007812e-05,0.00123287671232877
"856",0.108574599027634,2.25305557250977e-05,0.00126153846153846
"857",0.11396113038063,8.70227813720703e-06,0.00125570776255708
"858",0.11927592754364,3.21865081787109e-06,0.00123188405797101
"859",1,1,NA
"860",1,1,NA
"861",-0.026414280757308,0.302427232265472,-0.000445859872611467
"862",-0.0132978586480021,0.603711605072021,-0.000225733634311514
"863",-0.00418838346377015,0.870221793651581,-7.23327305605771e-05
"864",0.00730847241356969,0.775495290756226,0.000117647058823532
"865",0.0208736918866634,0.415149688720703,0.000350877192982464
"866",0.0310072898864746,0.226047515869141,0.00052896725440806
"867",0.0419525988399982,0.10142719745636,0.000701754385964897
"868",0.0570110119879246,0.0260235071182251,0.000877600461893765
"869",0.0701221600174904,0.00619018077850342,0.00102836879432624
"870",0.0765685737133026,0.00279521942138672,0.0011087420042644
"871",0.0819142907857895,0.00138366222381592,0.00118556701030928
"872",0.091794990003109,0.000339031219482422,0.00128155339805825
"873",0.0982174798846245,0.000126004219055176,0.00134146341463415
"874",0.0888268649578094,0.000525116920471191,0.00118942731277533
"875",0.0778096541762352,0.00238656997680664,0.00102941176470589
"876",0.0753599107265472,0.00326311588287354,0.000985915492957751
"877",0.0738938823342323,0.00391924381256104,0.000960264900662255
"878",0.0716687217354774,0.00514566898345947,0.000930232558139536
"879",0.0716653540730476,0.00515103340148926,0.00092783505154639
"880",0.0717601776123047,0.00509226322174072,0.000909090909090913
"881",0.072285495698452,0.00477504730224609,0.000899082568807341
"882",0.0758667439222336,0.00306320190429688,0.000916666666666668
"883",0.0794781744480133,0.00191903114318848,0.00092511013215859
"884",0.0811872109770775,0.00153076648712158,0.000915178571428572
"885",0.0780680999159813,0.00231420993804932,0.000835073068893529
"886",0.0732497498393059,0.00425398349761963,0.000756880733944954
"887",0.0667381212115288,0.00919318199157715,0.00067307692307692
"888",0.0600944012403488,0.019010066986084,0.000582524271844662
"889",0.0555569157004356,0.0301592350006104,0.000515463917525771
"890",0.0404118672013283,0.114816904067993,0.00036458333333333
"891",0.0155569342896342,0.543914556503296,0.00013333333333333
"892",-0.00268197897821665,0.916782259941101,-1.66389351081527e-05
"893",-0.00489817094057798,0.848547458648682,-3.71747211895903e-05
"894",-0.00250507914461195,0.922258496284485,0
"895",-0.00150922383181751,0.953173637390137,0
"896",-0.000150927269714884,0.995435535907745,0
"897",0.012920462526381,0.614309191703796,9.80392156862724e-05
"898",0.0215347483754158,0.40084707736969,0.000166666666666663
"899",0.0310400519520044,0.225978136062622,0.000234375
"900",0.045489389449358,0.075961709022522,0.000335570469798657
"901",0.0609024167060852,0.0175108909606934,0.00043956043956044
"902",0.0642606243491173,0.0121861696243286,0.00046511627906977
"903",0.0672367513179779,0.00871670246124268,0.000497237569060774
"904",0.0719239339232445,0.00501298904418945,0.000555555555555556
"905",0.0814503952860832,0.00148189067840576,0.000648648648648649
"906",0.0898227989673615,0.000456690788269043,0.000717131474103588
"907",0.0921199694275856,0.000325441360473633,0.000749999999999999
"908",0.093053437769413,0.000282883644104004,0.00075002500000001
"909",0.0967466682195663,0.000159859657287598,0.000773195876288657
"910",0.0965812876820564,0.000164270401000977,0.000775000000000001
"911",0.091096356511116,0.000378847122192383,0.000740740740740741
"912",0.080860897898674,0.00160408020019531,0.00067668421052632
"913",0.073526531457901,0.00411832332611084,0.00063063063063063
"914",0.0670097768306732,0.00892579555511475,0.000591133004926105
"915",0.0681809931993484,0.00780284404754639,0.000603773584905661
"916",0.0810082033276558,0.00157284736633301,0.0007277628032345
"917",0.100054830312729,9.44137573242188e-05,0.000912408759124088
"918",0.103272035717964,5.57899475097656e-05,0.000961538461538464
"919",0.107775077223778,2.59876251220703e-05,0.00104417670682731
"920",0.109534367918968,1.9073486328125e-05,0.00112866817155756
"921",0.107489906251431,2.71797180175781e-05,0.00116279069767441
"922",0.107800006866455,2.58684158325195e-05,0.00117962466487936
"923",0.11246719956398,1.13248825073242e-05,0.00120004000000002
"924",0.118402548134327,3.814697265625e-06,0.00121673003802281
"925",1,1,NA
"926",1,1,NA
"927",-0.0349282957613468,0.172656983137131,-0.00056234718826406
"928",-0.0274831540882587,0.283284664154053,-0.000440677966101696
"929",-0.0193141829222441,0.450875461101532,-0.000299145299145298
"930",-0.0119677167385817,0.640442848205566,-0.000179856115107913
"931",-0.000224095987505279,0.993153393268585,0
"932",0.0105107603594661,0.681652665138245,0.000155844155844155
"933",0.0206609051674604,0.419981479644775,0.000305882352941174
"934",0.0321606248617172,0.20928692817688,0.000457516339869283
"935",0.0436494499444962,0.0883935689926147,0.000588235294117648
"936",0.0506407879292965,0.0480591058731079,0.000673267326732673
"937",0.0598759017884731,0.019417405128479,0.000798122065727699
"938",0.0730802044272423,0.00432920455932617,0.000961038961038961
"939",0.0814186856150627,0.00148105621337891,0.0010625
"940",0.0729319825768471,0.00441241264343262,0.000952376623376622
"941",0.0645368695259094,0.0117586851119995,0.000833333333333334
"942",0.0576574802398682,0.0244003534317017,0.000747826086956521
"943",0.0573075488209724,0.025299072265625,0.000718562874251498
"944",0.0579661019146442,0.0236532688140869,0.000720930232558141
"945",0.0582113228738308,0.0230882167816162,0.000704225352112678
"946",0.0576934963464737,0.0243254899978638,0.000689655172413791
"947",0.0570878386497498,0.0258544683456421,0.00067391304347826
"948",0.060133907943964,0.018916130065918,0.000692307692307692
"949",0.0631549805402756,0.0137027502059937,0.000703296703296704
"950",0.0650375038385391,0.0111385583877563,0.0006951871657754
"951",0.0600836761295795,0.0190356969833374,0.00061371841155235
"952",0.0507491789758205,0.0476415157318115,0.000506329113924045
"953",0.0439822264015675,0.0860906839370728,0.000424778761061947
"954",0.0434366799890995,0.0900712013244629,0.000409638554216867
"955",0.04058837890625,0.113238215446472,0.000368421052631578
"956",0.0275433510541916,0.282526969909668,0.000237467018469657
"957",-0.00981737114489079,0.701754331588745,-8.29875518672218e-05
"958",-0.0252210143953562,0.325130581855774,-0.000218340611353713
"959",-0.0240814965218306,0.347448766231537,-0.000197628458498027
"960",-0.0189604517072439,0.459506392478943,-0.00014344262295082
"961",-0.0155422370880842,0.544360458850861,-0.000121739130434783
"962",-0.0123166488483548,0.63096022605896,-9.17431192660531e-05
"963",-0.00438555330038071,0.864263355731964,-3.1496062992126e-05
"964",0.00957836396992207,0.708752393722534,6.96864111498259e-05
"965",0.0172604732215405,0.50082004070282,0.000125786163522015
"966",0.024376017972827,0.341693162918091,0.00017283950617284
"967",0.026851573958993,0.294912934303284,0.00018867924528302
"968",0.0257434602826834,0.315300226211548,0.000182767624020888
"969",0.0288138408213854,0.261029005050659,0.00020689655172414
"970",0.0320719666779041,0.210874795913696,0.000232558139534886
"971",0.041186697781086,0.108157753944397,0.00030188679245283
"972",0.0559833757579327,0.0289511680603027,0.000412698412698412
"973",0.057330310344696,0.0252984762191772,0.000432276657060517
"974",0.0583174489438534,0.0229148864746094,0.000439024390243902
"975",0.0651963725686073,0.0109783411026001,0.000479616306954437
"976",0.0650087743997574,0.0112025737762451,0.000479452054794522
"977",0.058469582349062,0.0225443840026855,0.000433212996389892
"978",0.0570057779550552,0.0261576175689697,0.000435571687840291
"979",0.0539698451757431,0.0352268218994141,0.000420711974110031
"980",0.0554287619888783,0.0305708646774292,0.000442477876106195
"981",0.0645680725574493,0.0117582082748413,0.000515970515970516
"982",0.0812127888202667,0.00153076648712158,0.000657439446366783
"983",0.0927926078438759,0.000293612480163574,0.000769230769230769
"984",0.100349344313145,9.01222229003906e-05,0.000837004405286345
"985",0.106255233287811,3.38554382324219e-05,0.000921052631578948
"986",0.109332680702209,1.99079513549805e-05,0.000989208633093525
"987",0.108730934560299,2.20537185668945e-05,0.00102409638554217
"988",0.111318834125996,1.39474868774414e-05,0.00107142857142857
"989",0.114585869014263,7.74860382080078e-06,0.00110047846889952
"990",0.118170320987701,3.93390655517578e-06,0.00111650485436893
"991",1,1,NA
"992",-0.0519409589469433,0.042578149586916,-0.000763888888888885
"993",-0.0451539792120457,0.0779305845499039,-0.000654867256637167
"994",-0.0381465516984463,0.136425137519836,-0.000540540540540537
"995",-0.0320130474865437,0.211430728435516,-0.000456852791878174
"996",-0.0275256726890802,0.282605171203613,-0.000376569037656903
"997",-0.0209908913820982,0.412648260593414,-0.000271646859083192
"998",-0.01069650426507,0.676353693008423,-0.000133331428571427
"999",-0.000146541991853155,0.99556976556778,0
"1000",0.0115086017176509,0.65337598323822,0.000143678160919542
"1001",0.0223661977797747,0.38270902633667,0.000277777777777772
"1002",0.0298090092837811,0.24462890625,0.000362699481865292
"1003",0.0428262203931808,0.094597339630127,0.000544871794871795
"1004",0.0544686429202557,0.0334818363189697,0.000677966101694916
"1005",0.0660082250833511,0.00998020172119141,0.000818713450292398
"1006",0.0628301948308945,0.0141929388046265,0.000753768844221105
"1007",0.0517998971045017,0.0431997776031494,0.000619195046439629
"1008",0.0379243157804012,0.138831853866577,0.000436681222707422
"1009",0.0380220636725426,0.137802481651306,0.000422535211267609
"1010",0.040300041437149,0.115750193595886,0.000444444444444443
"1011",0.0409892126917839,0.109646201133728,0.000444444444444444
"1012",0.036702174693346,0.152037739753723,0.000400843881856539
"1013",0.0348938964307308,0.173291325569153,0.000370370370370371
"1014",0.034939132630825,0.172708034515381,0.000359408033826638
"1015",0.0384019576013088,0.133960604667664,0.000386178861788618
"1016",0.0386065505445004,0.131877422332764,0.000371517027863777
"1017",0.0384448170661926,0.133567333221436,0.000364464692482916
"1018",0.0345778614282608,0.177255392074585,0.000322580645161291
"1019",0.0275201890617609,0.282904624938965,0.000246913580246914
"1020",0.0260822921991348,0.308858394622803,0.000225080385852091
"1021",0.0253564938902855,0.322571754455566,0.000210526315789474
"1022",0.0139404656365514,0.586573600769043,0.000114942528735632
"1023",-0.0229114517569542,0.371437251567841,-0.000176991150442477
"1024",-0.0461489781737328,0.0717518553137779,-0.000374787052810903
"1025",-0.0422876328229904,0.0989567711949348,-0.000337662337662337
"1026",-0.0328763425350189,0.199622809886932,-0.000248962655601658
"1027",-0.0296007189899683,0.248192071914673,-0.00021630615640599
"1028",-0.0238003060221672,0.353176712989807,-0.000174672489082969
"1029",-0.0150775285437703,0.556491374969482,-0.000104166666666664
"1030",-0.00618903385475278,0.809336721897125,-4.28265524625268e-05
"1031",0.000737648806534708,0.977180480957031,0
"1032",0.00490045640617609,0.848546504974365,2.70270270270277e-05
"1033",0.0128276357427239,0.616912126541138,8.8888888888889e-05
"1034",0.015784690156579,0.538122057914734,0.000111111111111111
"1035",0.0151731316000223,0.554009318351746,0.000108108108108108
"1036",0.0177212338894606,0.489437818527222,0.000127041742286752
"1037",0.0233658887445927,0.362144351005554,0.000165975103734439
"1038",0.0434374362230301,0.0901972055435181,0.00031304347826087
"1039",0.0490162558853626,0.0558443069458008,0.000361990950226245
"1040",0.0473530516028404,0.0647033452987671,0.0003475935828877
"1041",0.0526869148015976,0.0398529767990112,0.000385852090032153
"1042",0.0524323396384716,0.0408209562301636,0.00039039039039039
"1043",0.0479428172111511,0.0614118576049805,0.000359999999999999
"1044",0.0478922389447689,0.0617154836654663,0.000362903225806451
"1045",0.0546199567615986,0.0330907106399536,0.000417335473515249
"1046",0.0616012178361416,0.0162438154220581,0.000480769230769238
"1047",0.0686924159526825,0.0073620080947876,0.000529695024077046
"1048",0.0773481279611588,0.00254833698272705,0.000606796116504854
"1049",0.0812620222568512,0.00152361392974854,0.000650406504065041
"1050",0.0927074626088142,0.000297665596008301,0.000750551876379691
"1051",0.100050114095211,9.46521759033203e-05,0.000827067669172932
"1052",0.106646068394184,3.17096710205078e-05,0.000898203592814373
"1053",0.105521760880947,3.83853912353516e-05,0.000895522388059701
"1054",0.114553526043892,7.86781311035156e-06,0.000976058931860036
"1055",0.124914415180683,1.07288360595703e-06,0.00107142857142857
"1056",0.128257915377617,5.96046447753906e-07,0.00109215017064846
"1057",-0.0479834340512753,0.0610410086810589,-0.000598086124401914
"1058",-0.051409050822258,0.0447714254260063,-0.000671296296296294
"1059",-0.0464552193880081,0.06975968927145,-0.000584615384615383
"1060",-0.0404872633516788,0.114045724272728,-0.000485714285714286
"1061",-0.0351788513362408,0.169708266854286,-0.000415704387990761
"1062",-0.0314967930316925,0.218965232372284,-0.000368663594470046
"1063",-0.027920164167881,0.275875270366669,-0.000312500000000003
"1064",-0.020695136860013,0.419302105903625,-0.000222222222222222
"1065",-0.0120571851730347,0.638036251068115,-0.00012779552715655
"1066",-0.00196152948774397,0.939109861850739,0
"1067",0.0107257403433323,0.675614356994629,0.000113851992409866
"1068",0.0231224484741688,0.366864919662476,0.00024390243902439
"1069",0.0321994721889496,0.208858728408813,0.000359477124183008
"1070",0.0506472922861576,0.0480775833129883,0.000573951434878588
"1071",0.0517937354743481,0.0432343482971191,0.000576923076923076
"1072",0.0463756136596203,0.0703052282333374,0.000495049504950495
"1073",0.0400596112012863,0.117987513542175,0.000412147505422993
"1074",0.0194216333329678,0.448552966117859,0.000191693290734824
"1075",0.0172922350466251,0.49985945224762,0.000165289256198347
"1076",0.0187724754214287,0.463909864425659,0.000176767676767677
"1077",0.0187808554619551,0.463704824447632,0.000177619893428063
"1078",0.0156419556587934,0.541683673858643,0.000145719489981785
"1079",0.0135850682854652,0.596104979515076,0.000129870129870129
"1080",0.0114471325650811,0.655196666717529,0.000106837606837606
"1081",0.0134469894692302,0.599843502044678,0.000124223602484472
"1082",0.0167433638125658,0.513643264770508,0.000145833333333334
"1083",0.0243908949196339,0.341267824172974,0.000212765957446813
"1084",0.0184395965188742,0.471955299377441,0.000151515151515152
"1085",0.00780075043439865,0.760967969894409,5.93471810089021e-05
"1086",-0.00344986305572093,0.893056392669678,-2.19780219780225e-05
"1087",0.00374339241534472,0.884016513824463,2.25225225225225e-05
"1088",-0.00398514233529568,0.876583218574524,-2.45098039215687e-05
"1089",-0.025937482714653,0.311665177345276,-0.000189393939393939
"1090",-0.0387360118329525,0.130757406353951,-0.000277777777777778
"1091",-0.0406337417662144,0.112930916249752,-0.000289156626506024
"1092",-0.0411203131079674,0.108713395893574,-0.000276816608996539
"1093",-0.0330469571053982,0.197447389364243,-0.000216049382716049
"1094",-0.0221629682928324,0.387399911880493,-0.000140350877192983
"1095",-0.00549086323007941,0.830528199672699,-3.33333333333334e-05
"1096",0.0057329791598022,0.823187589645386,3.40715502555367e-05
"1097",0.0152277825400233,0.552656888961792,9.80392156862746e-05
"1098",0.0256552249193192,0.31708550453186,0.000164609053497943
"1099",0.0385782979428768,0.132392883300781,0.00025
"1100",0.0431460067629814,0.0923912525177002,0.000280210157618214
"1101",0.0407478101551533,0.111940622329712,0.00027027027027027
"1102",0.0398212224245071,0.120377421379089,0.000269413629160063
"1103",0.0658675581216812,0.0101855993270874,0.00045045045045045
"1104",0.0792063176631927,0.00200343132019043,0.000555555555555556
"1105",0.0751183703541756,0.00338542461395264,0.000541871921182266
"1106",0.0671469122171402,0.00880742073059082,0.000490654205607477
"1107",0.0718870908021927,0.00504434108734131,0.00052219321148825
"1108",0.0764283314347267,0.00286960601806641,0.000557275541795665
"1109",0.0707330703735352,0.00579023361206055,0.000526315789473685
"1110",0.0694446116685867,0.00674617290496826,0.000526315789473685
"1111",0.0719881504774094,0.0049738883972168,0.000555555555555556
"1112",0.0748735144734383,0.00348591804504395,0.000570175438596492
"1113",0.0796977132558823,0.00187361240386963,0.000603773584905661
"1114",0.0879434049129486,0.00060117244720459,0.000666666666666665
"1115",0.0952511355280876,0.000202298164367676,0.000731707317073171
"1116",0.104316100478172,4.70876693725586e-05,0.000822784810126582
"1117",0.105774655938148,3.68356704711914e-05,0.00083743842364532
"1118",0.103365629911423,5.50746917724609e-05,0.000819672131147553
"1119",0.102842286229134,6.00814819335938e-05,0.000818965517241379
"1120",0.112703137099743,1.09672546386719e-05,0.000894736842105264
"1121",0.123509772121906,1.43051147460938e-06,0.000973782771535581
"1122",0.130550786852837,3.57627868652344e-07,0.00100456621004566
"1123",-0.0449023395776749,0.0797343030571938,-0.000468429735234216
"1124",1,1,NA
"1125",-0.044566810131073,0.0819868892431259,-0.000446927374301676
"1126",-0.042401410639286,0.0979975089430809,-0.000408805031446542
"1127",-0.0350826755166054,0.170966058969498,-0.000333333333333334
"1128",-0.0315119400620461,0.218838155269623,-0.000295566502463054
"1129",-0.0300526153296232,0.240895569324493,-0.000285714285714288
"1130",-0.0259324442595243,0.311586737632751,-0.000242914979757083
"1131",-0.0199171975255013,0.437053143978119,-0.000189873417721515
"1132",-0.012739934027195,0.619166851043701,-0.000119047619047622
"1133",-0.00429828790947795,0.866910517215729,-3.83141762452116e-05
"1134",0.00756189879029989,0.768028497695923,7.37100737100738e-05
"1135",0.021474564447999,0.402075290679932,0.000216110019646366
"1136",0.0277325306087732,0.2791508436203,0.000287206266318539
"1137",0.0278976708650589,0.276319980621338,0.00028322440087146
"1138",0.0222819782793522,0.384636402130127,0.000209059233449478
"1139",0.0108693400397897,0.671559810638428,9.70873786407757e-05
"1140",-0.00545014813542366,0.831709980964661,-4.40528634361244e-05
"1141",-0.00379877630621195,0.882290303707123,-2.75482093663912e-05
"1142",-0.0030099016148597,0.906641721725464,-1.8018018018018e-05
"1143",-0.00159982219338417,0.950359523296356,0
"1144",-0.00458369869738817,0.858181595802307,-3.42465753424658e-05
"1145",-0.00501038506627083,0.845121562480927,-3.96825396825388e-05
"1146",-0.00159115670248866,0.950627565383911,0
"1147",-0.00183259334880859,0.943126261234283,0
"1148",-0.00555884372442961,0.828429758548737,-4.04858299595142e-05
"1149",-0.0129838902503252,0.612537324428558,-9.98003992015973e-05
"1150",-0.0222649853676558,0.385095715522766,-0.000168350168350168
"1151",-0.0283461008220911,0.268817663192749,-0.000212765957446809
"1152",-0.0376280769705772,0.142136573791504,-0.000276923076923076
"1153",-0.0378059558570385,0.140271991491318,-0.000276243093922652
"1154",-0.0336362831294537,0.189495041966438,-0.000240174672489083
"1155",-0.0276526100933552,0.280795156955719,-0.000189003436426117
"1156",-0.021762702614069,0.396050870418549,-0.000138888888888889
"1157",-0.0120670301839709,0.638032615184784,-7.73694390715668e-05
"1158",-0.00330023583956063,0.897714138031006,0
"1159",0.0024635901208967,0.923593997955322,0
"1160",0.0156134329736233,0.542683720588684,9.21658986175116e-05
"1161",0.0248811412602663,0.33187460899353,0.000155038759689922
"1162",0.0416263788938522,0.104477524757385,0.000263157938596491
"1163",0.0542720668017864,0.0343002080917358,0.000351758793969849
"1164",0.0548708364367485,0.0323486328125,0.000349462365591398
"1165",0.0621284693479538,0.0153751373291016,0.000396825396825397
"1166",0.0738570690155029,0.00396525859832764,0.000491400491400491
"1167",0.0826281756162643,0.00126934051513672,0.000550161812297735
"1168",0.0924513339996338,0.000310420989990234,0.000615942028985507
"1169",0.103471465408802,5.43594360351562e-05,0.000701754385964912
"1170",0.104893505573273,4.27961349487305e-05,0.000730837789661319
"1171",0.10400915145874,4.9591064453125e-05,0.000739030023094688
"1172",0.0985484719276428,0.000120759010314941,0.000702179176755448
"1173",0.0974501147866249,0.000143527984619141,0.000695970695970696
"1174",0.0944428220391273,0.000229120254516602,0.000676982591876209
"1175",0.0879895687103271,0.000597357749938965,0.000638297872340425
"1176",0.0842305868864059,0.001015305519104,0.000612244897959184
"1177",0.0855771824717522,0.000841617584228516,0.000638888888888889
"1178",0.0920475125312805,0.000329256057739258,0.0006875
"1179",0.0981806963682175,0.000127911567687988,0.000729166666666666
"1180",0.101043537259102,8.08238983154297e-05,0.000757575757575758
"1181",0.103781685233116,5.14984130859375e-05,0.000784313725490196
"1182",0.113793320953846,9.05990600585938e-06,0.000859872611464968
"1183",0.124335207045078,1.19209289550781e-06,0.000942857142857142
"1184",0.114512607455254,7.98702239990234e-06,0.000860215053763441
"1185",0.105130948126316,4.11272048950195e-05,0.000791245791245791
"1186",0.110060341656208,1.75237655639648e-05,0.00082901554404145
"1187",0.115658022463322,6.43730163574219e-06,0.000858725761772853
"1188",0.119586639106274,3.09944152832031e-06,0.000869565217391305
"1189",-0.0372253619134426,0.146391049027443,-0.000308641975308641
"1190",-0.043652668595314,0.0885487720370293,-0.000360360360360361
"1191",-0.0419867485761642,0.10135480761528,-0.000348432055749128
"1192",-0.0393226854503155,0.124987237155437,-0.000316666666666666
"1193",-0.0329315960407257,0.198799341917038,-0.000277777777777778
"1194",-0.0328445285558701,0.200035929679871,-0.000278422273781903
"1195",-0.0337135158479214,0.188363626599312,-0.000289855072463775
"1196",-0.0339000187814236,0.185944706201553,-0.000297239915074309
"1197",-0.0321484208106995,0.209711611270905,-0.000281690140845071
"1198",-0.029144924134016,0.255433738231659,-0.000259259259259259
"1199",-0.0168478526175022,0.510936617851257,-0.00016
"1200",-0.00884174276143312,0.730149388313293,-8.23045267489703e-05
"1201",-0.00390610983595252,0.878971815109253,-3.37837837837838e-05
"1202",0.00368636474013329,0.885743856430054,3.08641975308649e-05
"1203",0.00379406311549246,0.882423162460327,2.98507462686567e-05
"1204",-0.00300070713274181,0.906908631324768,-2.38663484486879e-05
"1205",-0.0211634486913681,0.409008622169495,-0.000185185185185185
"1206",-0.0349838882684708,0.172283053398132,-0.000294117647058823
"1207",-0.0353813618421555,0.16746823489666,-0.000285714285714286
"1208",-0.0354509651660919,0.166641235351562,-0.000272727272727273
"1209",-0.0309103988111019,0.227919459342957,-0.000229885057471264
"1210",-0.0294529516249895,0.250543415546417,-0.000230905861456483
"1211",-0.0234270114451647,0.360730588436127,-0.000187110187110187
"1212",-0.0233760755509138,0.361792027950287,-0.000185185185185185
"1213",-0.0373787805438042,0.144761219620705,-0.000283333333333334
"1214",-0.0485117956995964,0.0584161505103111,-0.000365853658536586
"1215",-0.0522148013114929,0.0416405349969864,-0.000381679389312977
"1216",-0.0495486557483673,0.0532226227223873,-0.000355029585798816
"1217",-0.0412832573056221,0.107275359332561,-0.000299003322259136
"1218",-0.0587308742105961,0.0219730343669653,-0.000414507772020725
"1219",-0.0561633929610252,0.0284600555896759,-0.000392156862745096
"1220",-0.0339580774307251,0.185328036546707,-0.000233644859813084
"1221",-0.0367164835333824,0.152083471417427,-0.00025
"1222",-0.0275944881141186,0.281846880912781,-0.000177865612648221
"1223",-0.00980571378022432,0.702251315116882,-5.94059405940595e-05
"1224",0.00636292481794953,0.804124355316162,3.7243947858473e-05
"1225",0.0141662769019604,0.580679893493652,8.7912087912088e-05
"1226",0.0229673702269793,0.370445251464844,0.000151515151515151
"1227",0.0284295454621315,0.267578363418579,0.000188679245283019
"1228",0.0375673361122608,0.142911911010742,0.000247349823321555
"1229",0.0394833013415337,0.123778939247131,0.000254041570438799
"1230",0.0380856059491634,0.137694835662842,0.000246913580246914
"1231",0.0386975631117821,0.131470441818237,0.000254237288135593
"1232",0.0453503914177418,0.0770716667175293,0.000315789473684211
"1233",0.0555083081126213,0.0303887128829956,0.00039568345323741
"1234",0.0621870681643486,0.0152962207794189,0.000447427293064877
"1235",0.0708280131220818,0.00573360919952393,0.000526315789473684
"1236",0.0770321935415268,0.00265944004058838,0.000561330561330561
"1237",0.0822155624628067,0.00133895874023438,0.000585241730279898
"1238",0.086828924715519,0.000705718994140625,0.000612244897959184
"1239",0.0888032168149948,0.000532031059265137,0.000625000000000001
"1240",0.0874601379036903,0.00064539909362793,0.000625000000000001
"1241",0.0822551622986794,0.00133347511291504,0.000588235294117647
"1242",0.0766765028238297,0.00277960300445557,0.000535714285714286
"1243",0.0766335278749466,0.00279641151428223,0.000537634408602151
"1244",0.0851998552680016,0.000890254974365234,0.000598290598290598
"1245",0.0902222692966461,0.000432133674621582,0.000638297872340425
"1246",0.087912380695343,0.000604510307312012,0.000632911392405063
"1247",0.0904246047139168,0.000419139862060547,0.000652173913043478
"1248",0.100538313388824,8.76188278198242e-05,0.000725190839694656
"1249",0.1107127815485,1.56164169311523e-05,8e-04
"1250",0.100043244659901,9.50098037719727e-05,0.000725806451612903
"1251",0.0872553437948227,0.000664353370666504,0.000628465804066543
"1252",0.0878239497542381,0.000612735748291016,0.000625
"1253",0.0911589413881302,0.000376105308532715,0.000632911392405064
"1254",0.0982362627983093,0.000127077102661133,0.000666666666666666
"1255",-0.0146921360865235,0.566586971282959,-0.000116054158607351
"1256",-0.0250809360295534,0.327867567539215,-2e-04
"1257",-0.0271018762141466,0.290360689163208,-0.000218978102189776
"1258",-0.0259277392178774,0.311746835708618,-0.000225303292894281
"1259",-0.0258267223834991,0.313601911067963,-0.000229885057471265
"1260",-0.0293537732213736,0.252073466777802,-0.000262172284644195
"1261",-0.0340713150799274,0.183715656399727,-0.000296846011131725
"1262",-0.0384087525308132,0.133959800004959,-0.000332409972299169
"1263",-0.0400412492454052,0.118185274302959,-0.000342857142857143
"1264",-0.035091158002615,0.170964643359184,-0.000306513409961686
"1265",-0.0285460762679577,0.265338242053986,-0.00025089605734767
"1266",-0.0267300922423601,0.296936452388763,-0.000246913580246913
"1267",-0.0243850573897362,0.34135365486145,-0.000219298245614035
"1268",-0.017175080254674,0.502856731414795,-0.000153061224489796
"1269",-0.01215835288167,0.635273635387421,-0.00010752688172043
"1270",-0.0182768441736698,0.475800096988678,-0.000158730158730159
"1271",-0.0390796847641468,0.127321854233742,-0.000334728033472803
"1272",-0.0489392280578613,0.0561908558011055,-0.000410958904109589
"1273",-0.0466539785265923,0.0687271058559418,-0.000384615384615385
"1274",-0.0476492866873741,0.0630398318171501,-0.000372340425531915
"1275",-0.0451914109289646,0.0779278129339218,-0.000338983050847458
"1276",-0.0394841320812702,0.12358333915472,-0.000280898876404494
"1277",-0.0373695008456707,0.145078897476196,-0.00027906976744186
"1278",-0.0484095774590969,0.05893325060606,-0.000403225806451613
"1279",-0.0564553029835224,0.027618832886219,-0.000453074433656958
"1280",-0.0582415573298931,0.0230672899633646,-0.000465686274509804
"1281",-0.0607149787247181,0.0178492292761803,-0.000477326968973747
"1282",-0.0482990890741348,0.0595445893704891,-0.000368098159509202
"1283",-0.0358163826167583,0.162399724125862,-0.000274442538593482
"1284",-0.0407907664775848,0.11159873008728,-0.000294117647058824
"1285",-0.0297077856957912,0.246674597263336,-0.000199203187250996
"1286",-0.0187705550342798,0.46460223197937,-0.000104166666666667
"1287",-0.0154896844178438,0.54664421081543,-6.17283950617285e-05
"1288",-0.0148827824741602,0.562634646892548,-5.43478260869566e-05
"1289",-0.0119873629882932,0.641191482543945,-2.79329608938548e-05
"1290",-0.00883215386420488,0.731782197952271,0
"1291",-0.00398737471550703,0.877488017082214,0
"1292",0.00610585417598486,0.814184904098511,0
"1293",0.00684331264346838,0.793084979057312,0
"1294",0.012483112514019,0.633011817932129,0
"1295",0.0154006695374846,0.556000590324402,0
"1296",0.0119296973571181,0.647745728492737,0
"1297",0.014811891131103,0.569362163543701,0
"1298",0.0165321752429008,0.524282932281494,0
"1299",0.0219255648553371,0.397556781768799,0
"1300",0.0284247249364853,0.271609663963318,4.42477876106195e-05
"1301",0.0330790914595127,0.198207259178162,0.000176767676767677
"1302",0.039423231035471,0.12415874004364,0.000296296296296297
"1303",0.0496560148894787,0.0527267456054688,0.000367647058823529
"1304",0.0523628816008568,0.0410871505737305,0.00037122969837587
"1305",0.0485119856894016,0.0584380626678467,0.000343642611683849
"1306",0.0491681918501854,0.0551145076751709,0.000344827586206896
"1307",0.0508079789578915,0.0475077629089355,0.000354166666666667
"1308",0.0531263127923012,0.0382405519485474,0.000365853658536583
"1309",0.0666207522153854,0.00936102867126465,0.000459770114942529
"1310",0.0725511461496353,0.00465822219848633,0.000504201680672268
"1311",0.0706792175769806,0.00583505630493164,0.000496894409937888
"1312",0.0682295486330986,0.00777924060821533,0.000482455701754386
"1313",0.0669516995549202,0.00900936126708984,0.000479041916167665
"1314",0.0730634704232216,0.00437021255493164,0.000520833333333333
"1315",0.0720372945070267,0.00494527816772461,0.000512295081967213
"1316",0.0608491078019142,0.0176149606704712,0.000429594272076372
"1317",0.0482363738119602,0.0598864555358887,0.00032967032967033
"1318",0.0506952106952667,0.0479811429977417,0.000340909090909091
"1319",0.0639812722802162,0.0125625133514404,0.000428265524625268
"1320",0.0617389380931854,0.0160280466079712,0.00041501976284585
"1321",0.0121595077216625,0.635273694992065,9.67741935483872e-05
"1322",-0.00216475175693631,0.93282026052475,0
"1323",-0.0106674581766129,0.677336573600769,-8.92857142857124e-05
"1324",-0.0172036662697792,0.50210702419281,-0.000152091254752852
"1325",-0.0213118381798267,0.405675947666168,-0.000194444444444445
"1326",-0.0269197188317776,0.293596923351288,-0.000241935483870967
"1327",-0.0342524088919163,0.181396394968033,-0.000290697674418605
"1328",-0.0419619679450989,0.101565405726433,-0.000344827586206897
"1329",-0.0526570528745651,0.0399346873164177,-0.00041958041958042
"1330",-0.0513733252882957,0.0450394973158836,-0.000416666666666667
"1331",-0.0473219864070415,0.0648261308670044,-0.000393700787401575
"1332",-0.0473661758005619,0.0646533444523811,-0.000389972144846796
"1333",-0.0375330150127411,0.143189325928688,-0.0003125
"1334",-0.0285831913352013,0.265038013458252,-0.000222222222222222
"1335",-0.0333855040371418,0.193709120154381,-0.000208333333333333
"1336",-0.0425350293517113,0.0989314392209053,-0.000187617260787993
"1337",-0.0560162402689457,0.0299976840615273,-0.000224358974358975
"1338",-0.0537284910678864,0.0377705730497837,-0.000165094339622642
"1339",-0.0475983917713165,0.0675675794482231,-4e-05
"1340",-0.050746314227581,0.0526628158986568,0
"1341",-0.0524505823850632,0.0468504764139652,0
"1342",-0.0532057322561741,0.0447096489369869,0
"1343",-0.0569086745381355,0.0307728853076696,0
"1344",-0.0671733766794205,0.00929475855082273,-0.000239043824701195
"1345",-0.0572324395179749,0.0264411196112633,-0.000225806451612903
"1346",-0.0556289963424206,0.0314852483570576,-0.000165745856353591
"1347",-0.0527964197099209,0.0421508997678757,-7.81250000000001e-05
"1348",-0.0406915359199047,0.120626956224442,0
"1349",-0.0262052118778229,0.322144746780396,0
"1350",-0.0287259910255671,0.279362618923187,0
"1351",-0.0223216023296118,0.400471806526184,0
"1352",-0.0183714348822832,0.489313900470734,0
"1353",-0.0134732387959957,0.612246930599213,0
"1354",-0.0141403069719672,0.595564246177673,0
"1355",-0.0151364002376795,0.569938898086548,0
"1356",-0.0162371471524239,0.541701316833496,0
"1357",-0.0087408097460866,0.743428230285645,0
"1358",-0.00721863145008683,0.787595808506012,0
"1359",-0.00520878518000245,0.846020817756653,0
"1360",-0.000405632657930255,0.988049626350403,0
"1361",-0.00312007172033191,0.90693324804306,0
"1362",-0.00537418574094772,0.840126156806946,0
"1363",-0.00374094466678798,0.88826858997345,0
"1364",0.000494005100335926,0.985281229019165,0
"1365",0.000121491146273911,0.996467113494873,0
"1366",0.00737658329308033,0.778493165969849,0
"1367",0.00887394417077303,0.732418417930603,0
"1368",0.0117625780403614,0.647775530815125,0
"1369",0.0208149142563343,0.417248487472534,0.000125786163522013
"1370",0.020908473059535,0.414945602416992,0.000138888888888889
"1371",0.0221440307796001,0.387857437133789,0.000154320987654321
"1372",0.0237637534737587,0.354213953018188,0.000163934426229508
"1373",0.0304416939616203,0.235265016555786,0.000204081632653061
"1374",0.0363805629312992,0.155968070030212,0.000254545454545455
"1375",0.0405409447848797,0.113810777664185,0.000298507462686567
"1376",0.0458774231374264,0.0735452175140381,0.000334448160535117
"1377",0.0439219363033772,0.0867340564727783,0.000318627450980392
"1378",0.0382025241851807,0.136241555213928,0.000275862068965517
"1379",0.0325325764715672,0.204499244689941,0.000235546038543897
"1380",0.0331662222743034,0.195870757102966,0.000244897959183673
"1381",0.0398891121149063,0.119773864746094,0.000290456431535269
"1382",0.0393960699439049,0.124523758888245,0.000273972602739726
"1383",0.0292779337614775,0.253666520118713,0.000200573065902578
"1384",0.0302457567304373,0.238388538360596,0.000202839756592292
"1385",0.0302101951092482,0.238800406455994,0.00020066889632107
"1386",0.0261773858219385,0.307336091995239,0.000173913043478261
